login;password;firstname
xgtinosqmo;kgsekwrzlb;keuzprggll
tjgyrisebs;zzukfbxstg;rygzhcybws
kauohmgrev;ggavcpgtwz;bezmebiqct
egslbxbulh;lemjsgxytl;lhgvyyvdxl
ipppjmwdie;gjnzyyzlfb;thpeoxlkmj
wvbouyhxgg;hmnvqicxtl;llsxlvysiy
jjecttebxo;vrxjcnpnum;uhzimvtmuw
adirlsjljq;huekffgexa;ybdckvmiep
pogtpaoiia;phianqoqhn;vqqaqbklnh
oscmcowqja;jpzffodpid;vwkflwwxgr
wjttdtneyq;befjtdyruk;myiqtkoshe
fulibqcamh;xbcopsvuhg;eyzfuqmuug
yrmwrpwqfg;mfdlipmuze;auxspnbiub
yrmwrpwqfg;mfdlipmuze;auxspnbiub
rtyrlmhjyh;qihyzkxkpa;vmeaesqqqu
rtyrlmhjyh;qihyzkxkpa;vmeaesqqqu
bsknfeefba;ezplwyiubh;atqfbucckt
bsknfeefba;ezplwyiubh;atqfbucckt
jibolzhxsg;yjzhrllzwy;nthoouduti
jibolzhxsg;yjzhrllzwy;nthoouduti
lwqdrtvwfu;ppqyzgdpjl;cevynxkgcy
hitailtdat;chdkjwebhj;zrixmqywji
unrnbketda;cbrapgzrtw;hlmgnzmbdx
icckekphwa;pyjhygeuqh;sajwzitubk
pbilnxxdel;rbhzkxgpjy;nerblshbwj
monbeolcbm;jcoqsajmiq;xcmtchdgmf
atqhcfhawi;xvwcwllwpt;eahbbxzlde
jqfmfrhjzr;xdoksqbnbp;vmkvalinct
roecbvgkcx;sagbdihhxw;sqfbyikqnx
vazeghedul;tqlncgdbgw;xieovxaetf
vusxkayepj;fyyizyjxmt;sbysjhvbap
cjaqbyxlbg;ctbdrjiavr;puuzacyasb
fvdfhzmbmv;vquvlxyekl;lyewkcirzp
npgwfweonl;odgiwjefax;iaokgktkcp
fahkpibgqa;bvmkbmhmwg;cjwsfrqynp
rvnugxkong;nvrsdajvdc;nyysyywjdz
exsschukox;ipxnwpidlh;fndapkbqsu
fouyognsmr;svwcqqsswv;ljxhjtpkha
zgjbccvpen;qptfrserct;ebstanjbri
bxzjiquklf;qwkhhukqoz;equiiwnjis
rzcahgtwet;usyrtdvcvd;ockftpulsk
sfcemhztsu;irxhzjnlwa;qqtcxqopwb
xlzmahifpy;dpqabeyvpa;mddwicgtal
nbqtwewqog;dswqamhhcv;atzwcykmuz
pphsoekhux;dzpriwwugi;zpljnzxmgf
ksasizdafd;sssqyjpddc;nztwiohiqj
myjfylaybc;mznemuqgqx;nmzeikszth
vnvkdyjpqr;yiwmjclvfi;qbleqyappi
wedhvcsbdh;kryrdvawur;mpobdpxtdi
xyqicvgmzu;egroyvtrlu;rppquvgvls
lgfvnwjxno;ivpkyudada;rwzbctaxte
mvugndlull;rujjmlxbwq;xtbdhuptjs
lwsqzgtjbd;jqietsdlzk;mvahkupbvq
rdjcdygpse;nrqvgwzebz;rizpzgjhrd
hvfaollnrc;bbtukwpnuo;daketmlhix
idcieesvqj;inltaawvzy;laxtnhshut
hvhvixfdzu;nihasgzggx;tbfqnfocjg
gtvdbhadad;rbbqtbsqjh;nioxwgeiav
fgowborgqn;chbailtsvz;nkgspmvchk
cfpnymgfbw;szeosncvlb;dqpbsiqbig
padbzmnhwd;jgfgvlifli;rgcrhelyug
duaoebfxma;efiehafrmc;awrtonrulo
qcdsimdyta;ehpldsrvqh;enbkswfbev
ttjdxtxauq;vkegitqosq;xzdntehbdc
ebczjnbdxz;elkyqjxjqv;xpszpcafer
pzixoayypo;ivearzjnme;ewniikmshd
byirmkmtgh;pmtbwtdfis;iqzznjdeaa
rmijbtcell;qntpwltyvv;lvkuinzcgr
rtxdqzubsv;mduotaofur;mfhkoyuzud
vbejjexici;wpnttsxmgj;zdzonqcglh
qythgapomv;tfhypaogpk;rtmuxwamtf
owlqypbnrf;ovrrzknhap;aalneuyhhh
rpxlygkdut;dsnpscvhqv;mxynknguyx
eodzjtydsy;htttqrqlxk;pdopvwgmdl
zimclxfxle;eyhxoieind;ejwrvznfod
uahioujxmj;cctiatzlwe;tdttmbtpax
krwisruqel;gepyiyjwtp;relzpdavnx
kijcbukpfo;ydatxdwdch;mxabmoaska
fltcxsmpng;axuffljbqn;guilozyllo
ittwkdtjzs;invmkibrtd;ajoaewgxys
ckehgzfyiw;nrfwhzjxlj;jpmpbwlpiz
nhmsbhpric;udvdfdwcpd;dnmddgkfcm
xdckdmaujz;kbedkusbhl;uuiylsmjjv
bahgadgoew;bxpgsiwzkh;tvmeutrmfa
ywbxtricyu;hmbqhvilxv;enkpoodfld
vcxarpwjsq;ttdzsxsstz;gcbdltedwi
upcyynkjav;dkbicvzwwr;ttxtewdeuc
bmpncezssg;bgiwzkngfq;qbujmvczki
bxcsprsffu;hceyxfhtub;cvfjntuwvf
gcdnedwvfh;szhbijktrq;fsaqxtlkam
xsgvtrimwn;tsdtfdqtnb;jukadgisrt
wyieoisgku;ipxxrsdplm;jzrgznlhzi
wyrrqoyceh;yrxibqjekd;tzfudsmqho
tvhoysuhrw;qjtemejtdd;qnfjdujdcm
mxmilfdgdr;zaaakycvnk;iygfgvkshi
uskvyhodda;kgqteilvxf;hsfwqlfuuc
hhtnscfuug;dcjddqhokb;ehttlwgskj
bqvnqqdldb;ucfynurxto;pmggejeyhm
unxixnwcpz;sksstdzqqs;xziwbqhnpd
ntijmryrsv;zcivdgtlir;sauoxysakj
bfmronmgbk;tdlgpxkhcf;neyvlimalu
vtwepvgtzo;djilprjpuc;xuyklfujjm
hcndcqipuk;qvhapeiivm;wzzskdnzni
jynfljxpmz;tzhziukpag;ojvsjudrcn
kywjcngwdo;pudhjyeryp;igvhhrtsws
alaokjavdp;ijwiyljyct;sarpmkmwgs
yzbrdrqvtb;ixerjlclfc;puqxrkrnyo
wwvolulhzq;sdiucpourm;dqxxisxscy
vflnutjumj;oecuusexsh;kxmzkjdhbf
lneijweefo;vrnibwjvus;vhoilugbsw
eowvmtgacb;nefgqvirky;mehwnergqw
xswacajhym;efbkcrmsjp;eqpnzfrdps
zqitvxcvha;ishkmnolnk;tegznctbzv
rqvjdttfrk;zzbburwuxs;bsyqdwpmss
gsgkfgwgnt;fsgjqcnhbk;nnlalecmeq
zdipggiqbk;ufseslxwfe;vwnbuyhpcf
ljzxqrinfd;tiwhulzyeh;rbdokhxoag
zvekteefom;bgcfnuotfj;qsdpnjzmkn
omxdjpojnx;afoshsykuq;myinmbsyto
qtxtltxgbs;vnkfrhvawq;mriklykqtz
gwdwtcqagn;dnhahavqnz;vhpejramzd
pkhjsjvrli;miponefkrt;xcpnaeaqwf
xojuceqexk;izdkgebeey;zcngaafwhz
hxwesjttzh;rajxtyfggi;pochbfdwbu
ltlapdgkkx;rqbrqzhjut;djrmfbjzci
qpstqawxob;twsrxqfnvl;dutenocpug
bnvsuonyre;jgzwclnflv;tiphypbdqk
tibsfkrjib;ticqlbcxqu;geedjrjkfq
jevqgmhutn;ngsjiwtqgv;gksevlbiit
emtvrodjsi;dsitsthehx;xorhgnthdt
ulcwjawwlu;mpobcsshnk;hyqknxptuh
dyvedltdvi;vxtocdgbmu;xupiylvxid
ojaiylatde;bsrxqbukrd;dadrxyecrt
ogmdpdpmpm;ytxtduzcvg;oquldjbvsi
ubrqqobacp;ijkhnrakhd;hlqfhsqeuq
lodeqeixcv;frfcbqolbg;kamoidweku
hxkronrtvd;jfitfkccqp;zizcsigoqd
sxyzrenfjd;lwlcmziusb;mkjwhrrgnx
tmxkmrndbz;mtlitohllx;hunitifcei
jrmyjuanmz;krbiiqxpfz;minglwheeo
ciresylgga;ehuigmtlcq;ckuncfjzna
ryfulmpjar;azcmpujukh;gdgbefxzkn
gdodnmwjej;ywtksscals;vhmsofevqd
eetczefmov;jazesxbrmt;ecojrvdyvx
kvlflqyhbb;yuoopbcspg;mkwymnnzmu
qzirhvvpkq;lbnqoiubpw;yhwjvkfgwh
fndhlrwygf;pmmysmpwnn;ayrqthdnrg
zotxcjuolx;xbkdwnchwo;zonalnjirk
ihsjpzohcs;rfzbbhnsqj;ludahxkdoy
pwexkaawlj;kuugnjapld;bpmjceaseh
fsydzenlhc;izcuhyhhyd;yvithsnnfb
gjxtlkbtxy;zkdzaqqagi;bksjukjmgb
ccvfmndwxj;taxbtnpnir;kaffpoblav
